id,efficiency
0,0.4158456486289437
1,0.5780474817971779
2,0.4780293559926049
3,0.3916113983724994
4,0.4697535401924181
